run_id,round,cohort,model,params_M,tokenizer,stride,lr,batch_size,ctx,dataset,rc,n_gpu,protocol,status,best_val_loss,best_val_step,final_step,peak_mem_mb,tokens_per_s,grad_norm_min,grad_norm_max,source,nats_per_base,uniform_per_token,uniform_per_base,gain_vs_freq_model
small_kmer3_train,1,C1a-r1-ctx2048-bs32,small,85.07,kmer3,1,0.0003,32,2048,full,False,1,fixed-6000iters,FAILED / crashed very early (no val loss logged),,,120,,,,,loss_table.csv,,4.1588830833596715,4.1588830833596715,
small_kmer6_train,1,C1a-r1-ctx2048-bs32,small,91.25,kmer6,1,0.0003,32,2048,full,False,1,fixed-6000iters,completed full schedule,4.378541469573975,6000.0,6000,,,,,loss_table.csv,4.378541469573975,8.317766166719343,8.317766166719343,-3.0085414695739745
small_kmer6s2_train,1,C1a-r1-ctx2048-bs32,small,91.25,kmer6s2,2,0.0003,32,2048,full,False,1,fixed-6000iters,incomplete: stopped at 4668/6000 (walltime-limited),5.364752769470215,1800.0,4668,,,,,loss_table.csv,2.6823763847351074,8.317766166719343,4.1588830833596715,-1.3123763847351073
small_kmer6s6_train,1,C1a-r1-ctx2048-bs32,small,91.25,kmer6s6,6,0.0003,32,2048,full,False,1,fixed-6000iters,incomplete: stopped at 4680/6000 (walltime-limited),8.166397094726562,4200.0,4680,,,,,loss_table.csv,1.361066182454427,8.317766166719343,1.3862943611198906,0.008933817545573097
small_perbase_train,1,C1a-r1-ctx2048-bs32,small,84.97,perbase,1,0.0003,32,2048,full,False,1,fixed-6000iters,incomplete: stopped at 4800/6000 (walltime-limited),1.3729156255722046,3000.0,4800,,,,,loss_table.csv,1.3729156255722046,1.3862943611198906,1.3862943611198906,-0.0029156255722044833
tiny_kmer3_train,1,C1a-r1-ctx2048-bs32,tiny,8.43,kmer3,1,0.0003,32,2048,full,False,1,fixed-6000iters,incomplete: stopped at 5400/6000 (walltime-limited),1.333757400512695,2400.0,5400,,,,,loss_table.csv,1.333757400512695,4.1588830833596715,4.1588830833596715,0.036242599487305016
rep_ani_95,1,C1a-r1-ctx2048-bs32,tiny,8.43,kmer3,1,0.0003,32,2048,rep95,False,1,fixed-6000iters,incomplete: stopped at 5400/6000 (walltime-limited),1.3289600610733032,2400.0,5400,,,,,loss_table.csv,1.3289600610733032,4.1588830833596715,4.1588830833596715,0.041039938926696884
tiny_kmer6_train,1,C1a-r1-ctx2048-bs32,tiny,10.49,kmer6,1,0.0003,32,2048,full,False,1,fixed-6000iters,incomplete: stopped at 3600/6000 (walltime-limited),1.87211549282074,600.0,3600,,,,,loss_table.csv,1.87211549282074,8.317766166719343,8.317766166719343,-0.5021154928207399
rep_ani_95,1,C1a-r1-ctx2048-bs32,tiny,10.49,kmer6,1,0.0003,32,2048,rep95,False,1,fixed-6000iters,completed full schedule,1.4213963747024536,3000.0,6000,,,,,loss_table.csv,1.4213963747024536,8.317766166719343,8.317766166719343,-0.05139637470245351
tiny_kmer6s2_train,1,C1a-r1-ctx2048-bs32,tiny,10.49,kmer6s2,2,0.0003,32,2048,full,False,1,fixed-6000iters,incomplete: stopped at 3600/6000 (walltime-limited),3.07267689704895,600.0,3600,,,,,loss_table.csv,1.536338448524475,8.317766166719343,4.1588830833596715,-0.166338448524475
rep_ani_95,1,C1a-r1-ctx2048-bs32,tiny,10.49,kmer6s2,2,0.0003,32,2048,rep95,False,1,fixed-6000iters,incomplete: stopped at 4200/6000 (walltime-limited),3.8390145301818848,1200.0,4200,,,,,loss_table.csv,1.9195072650909424,8.317766166719343,4.1588830833596715,-0.5495072650909423
tiny_kmer6s6_train,1,C1a-r1-ctx2048-bs32,tiny,10.49,kmer6s6,6,0.0003,32,2048,full,False,1,fixed-6000iters,incomplete: stopped at 3600/6000 (walltime-limited),8.131745338439941,600.0,3600,,,,,loss_table.csv,1.3552908897399902,8.317766166719343,1.3862943611198906,0.014709110260009872
rep_ani_95,1,C1a-r1-ctx2048-bs32,tiny,10.49,kmer6s6,6,0.0003,32,2048,rep95,False,1,fixed-6000iters,completed full schedule,8.115066528320312,5400.0,6000,,,,,loss_table.csv,1.3525110880533855,8.317766166719343,1.3862943611198906,0.017488911946614616
tiny_perbase_train,1,C1a-r1-ctx2048-bs32,tiny,8.4,perbase,1,0.0003,32,2048,full,False,1,fixed-6000iters,incomplete: stopped at 5400/6000 (walltime-limited),1.3322089910507202,2400.0,5400,,,,,loss_table.csv,1.3322089910507202,1.3862943611198906,1.3862943611198906,0.03779100894927989
rep_ani_95,1,C1a-r1-ctx2048-bs32,tiny,8.4,perbase,1,0.0003,32,2048,rep95,False,1,fixed-6000iters,incomplete: stopped at 5400/6000 (walltime-limited),1.3220322132110596,2400.0,5400,,,,,loss_table.csv,1.3220322132110596,1.3862943611198906,1.3862943611198906,0.047967786788940536
small_tokenizer_comparison_ctx_256_bs64,1,C1b-r1-ctx256-bs64,small,85.07,kmer3,1,0.0003,64,256,full,False,3,fixed-6000iters,incomplete: stopped at 4200/6000 (walltime-limited),1.3509132862091064,1200.0,4200,,,,,loss_table.csv,1.3509132862091064,4.1588830833596715,4.1588830833596715,0.01908671379089366
small_tokenizer_comparison_ctx_256_bs64,1,C1b-r1-ctx256-bs64,small,91.25,kmer6,1,0.0003,64,256,full,False,2,fixed-6000iters,completed full schedule,5.601901531219482,4200.0,6000,,,,,loss_table.csv,5.601901531219482,8.317766166719343,8.317766166719343,-4.231901531219482
small_tokenizer_comparison_ctx_256_bs64,1,C1b-r1-ctx256-bs64,small,91.25,kmer6s2,2,0.0003,64,256,full,False,1,fixed-6000iters,incomplete: stopped at 5400/6000 (walltime-limited),6.717704772949219,2400.0,5400,,,,,loss_table.csv,3.3588523864746094,8.317766166719343,4.1588830833596715,-1.9888523864746093
small_tokenizer_comparison_ctx_256_bs64,1,C1b-r1-ctx256-bs64,small,91.25,kmer6s6,6,0.0003,64,256,full,False,2,fixed-6000iters,completed full schedule,8.238648414611816,6000.0,6000,,,,,loss_table.csv,1.3731080691019695,8.317766166719343,1.3862943611198906,-0.0031080691019693685
small_tokenizer_comparison_ctx_256_bs64,1,C1b-r1-ctx256-bs64,small,84.97,perbase,1,0.0003,64,256,full,False,2,fixed-6000iters,incomplete: stopped at 4200/6000 (walltime-limited),1.3486945629119873,1200.0,4200,,,,,loss_table.csv,1.3486945629119873,1.3862943611198906,1.3862943611198906,0.021305437088012802
small_kmer3_1e-5_rc_train,2,C2-scaling,small,85.07,kmer3,1,1e-05,8,2048,rep95,True,未记录(事件文件均在 gpu3 节点),early-stop,ok,1.3394856452941897,2400.0,2700,3329.6181640625,101727.082421875,2.278539657592773,53.18867111206055,small_loss_summary.csv,1.3394856452941897,4.1588830833596715,4.1588830833596715,0.03051435470581043
small_kmer6_1e-5_rc_train,2,C2-scaling,small,91.25,kmer6,1,1e-05,8,2048,rep95,True,未记录(事件文件均在 gpu3 节点),early-stop,ok,2.2528018951416016,5340.0,5640,3436.7490234375,98143.38725689828,1.968535661697388,57.73878479003906,small_loss_summary.csv,2.2528018951416016,8.317766166719343,8.317766166719343,-0.8828018951416015
small_kmer6s2_1e-5_rc_train,2,C2-scaling,small,91.25,kmer6s2,2,1e-05,8,2048,rep95,True,未记录(事件文件均在 gpu3 节点),early-stop,ok,4.599059581756592,5460.0,5760,3436.6240234375,98111.01602376302,1.7495261430740356,1509.115234375,small_loss_summary.csv,2.299529790878296,8.317766166719343,4.1588830833596715,-0.9295297908782958
small_kmer6s6_1e-5_rc_train,2,C2-scaling,small,91.25,kmer6s6,6,1e-05,8,2048,rep95,True,未记录(事件文件均在 gpu3 节点),early-stop,ok,8.238981246948242,1080.0,1380,3436.6240234375,98044.01993885868,1.728279709815979,453.10540771484375,small_loss_summary.csv,1.3731635411580403,8.317766166719343,1.3862943611198906,-0.003163541158040184
small_perbase_1e-5_rc_train,2,C2-scaling,small,84.97,perbase,1,1e-05,8,2048,rep95,True,未记录(事件文件均在 gpu3 节点),early-stop,ok,1.331139087677002,1440.0,1740,3327.5087890625,102869.18045191272,2.37842059135437,438.8675537109375,small_loss_summary.csv,1.331139087677002,1.3862943611198906,1.3862943611198906,0.03886091232299815
tiny_kmer3_1e-5_rc_train,2,C2-scaling,tiny,8.43,kmer3,1,1e-05,8,2048,rep95,True,未记录(事件文件均在 gpu3 节点),early-stop,ok,1.351919174194336,3060.0,3360,900.4599609375,218816.6225638253,0.5369945168495178,13.098400115966797,tiny_loss_summary.csv,1.351919174194336,4.1588830833596715,4.1588830833596715,0.01808082580566417
tiny_kmer6_1e-5_rc_train,2,C2-scaling,tiny,10.49,kmer6,1,1e-05,8,2048,rep95,True,未记录(事件文件均在 gpu3 节点),early-stop,ok,5.27712869644165,6000.0,6000,1619.5244140625,216716.8619873047,0.2334749698638916,1.8495080471038816,tiny_loss_summary.csv,5.27712869644165,8.317766166719343,8.317766166719343,-3.9071286964416503
tiny_kmer6s2_1e-5_rc_train,2,C2-scaling,tiny,10.49,kmer6s2,2,1e-05,8,2048,rep95,True,未记录(事件文件均在 gpu3 节点),early-stop,ok,6.707723140716553,5460.0,5760,1620.5126953125,212479.0933481852,0.1857869029045105,4.792444229125977,tiny_loss_summary.csv,3.3538615703582764,8.317766166719343,4.1588830833596715,-1.9838615703582763
tiny_kmer6s6_1e-5_rc_train,2,C2-scaling,tiny,10.49,kmer6s6,6,1e-05,8,2048,rep95,True,未记录(事件文件均在 gpu3 节点),early-stop,ok,8.233137130737305,1860.0,2160,1620.5126953125,214381.29288194445,0.1673669517040252,24.166149139404297,tiny_loss_summary.csv,1.3721895217895508,8.317766166719343,1.3862943611198906,-0.0021895217895506747
tiny_perbase_1e-5_rc_train,2,C2-scaling,tiny,8.4,perbase,1,1e-05,8,2048,rep95,True,未记录(事件文件均在 gpu3 节点),early-stop,ok,1.348097324371338,1020.0,1320,899.9912109375,214661.5863813921,0.4620205760002136,107.90411376953124,tiny_loss_summary.csv,1.348097324371338,1.3862943611198906,1.3862943611198906,0.021902675628662216
large_kmer3_1e-5_rc_train,2,C3-large-LRsweep,large,944.0,kmer3,1,1e-05,8,2048,rep95,True,未记录(事件文件均在 gpu3 节点),early-stop,ok,1.342207431793213,3360.0,3660,21413.55078125,14018.352664334656,2269.19384765625,20922.02734375,large_loss_summary.csv,1.342207431793213,4.1588830833596715,4.1588830833596715,0.027792568206787216
large_kmer3_3e-5_rc_train,2,C3-large-LRsweep,large,944.0,kmer3,1,3e-05,8,2048,rep95,True,未记录(事件文件均在 gpu3 节点),early-stop,ok,1.3460808992385864,1620.0,1920,21413.55078125,13995.13148651123,2367.11865234375,226867.546875,large_loss_summary.csv,1.3460808992385864,4.1588830833596715,4.1588830833596715,0.02391910076141368
large_kmer3_1e-4_rc_train,2,C3-large-LRsweep,large,944.0,kmer3,1,0.0001,8,2048,rep95,True,未记录(事件文件均在 gpu3 节点),early-stop,ok,1.411874294281006,540.0,840,21413.55078125,14008.841158621652,1530.6666259765625,87202.1171875,large_loss_summary.csv,1.411874294281006,4.1588830833596715,4.1588830833596715,-0.041874294281005975
large_kmer3_rc_train,2,C3-large-LRsweep,large,944.0,kmer3,1,0.0003,8,2048,rep95,True,未记录(事件文件均在 gpu3 节点),early-stop,ok,1.5198402404785156,180.0,480,21413.55078125,14155.054608154296,195.40757751464844,346521.875,large_loss_summary.csv,1.5198402404785156,4.1588830833596715,4.1588830833596715,-0.14984024047851552
large_kmer6_1e-5_rc_train,2,C3-large-LRsweep,large,954.3,kmer6,1,1e-05,8,2048,rep95,True,未记录(事件文件均在 gpu3 节点),early-stop,ok,6.767629623413086,4080.0,4380,21590.4609375,13899.036212743473,342.2781982421875,1855699.375,large_loss_summary.csv,6.767629623413086,8.317766166719343,8.317766166719343,-5.397629623413086
large_kmer6_3e-5_rc_train,2,C3-large-LRsweep,large,954.3,kmer6,1,3e-05,8,2048,rep95,True,未记录(事件文件均在 gpu3 节点),early-stop,ok,7.275368690490723,900.0,1200,21590.4609375,13873.53126220703,342.0050354003906,59939.33984375,large_loss_summary.csv,7.275368690490723,8.317766166719343,8.317766166719343,-5.9053686904907225
large_kmer6_1e-4_rc_train,2,C3-large-LRsweep,large,954.3,kmer6,1,0.0001,8,2048,rep95,True,未记录(事件文件均在 gpu3 节点),early-stop,ok,7.266621589660644,840.0,1140,21590.4609375,13971.837898334705,3.233152151107788,902193.125,large_loss_summary.csv,7.266621589660644,8.317766166719343,8.317766166719343,-5.8966215896606435
large_kmer6_rc_train,2,C3-large-LRsweep,large,954.3,kmer6,1,0.0003,8,2048,rep95,True,未记录(事件文件均在 gpu3 节点),early-stop,ok,7.591817378997803,240.0,540,21590.4609375,13992.067925347224,2.4198861122131348,53316612.0,large_loss_summary.csv,7.591817378997803,8.317766166719343,8.317766166719343,-6.221817378997803
large_kmer6s2_1e-5_rc_train,2,C3-large-LRsweep,large,954.3,kmer6s2,2,1e-05,8,2048,rep95,True,未记录(事件文件均在 gpu3 节点),early-stop,ok,8.05760669708252,3000.0,3300,21590.4609375,13925.171466619318,330.9083251953125,568340.6875,large_loss_summary.csv,4.02880334854126,8.317766166719343,4.1588830833596715,-2.6588033485412597
large_kmer6s2_3e-5_rc_train,2,C3-large-LRsweep,large,954.3,kmer6s2,2,3e-05,8,2048,rep95,True,未记录(事件文件均在 gpu3 节点),early-stop,ok,6.826229095458984,2820.0,3120,21590.4609375,13863.66685931866,202.40142822265625,9958318.0,large_loss_summary.csv,3.413114547729492,8.317766166719343,4.1588830833596715,-2.043114547729492
large_kmer6s2_1e-4_rc_train,2,C3-large-LRsweep,large,954.3,kmer6s2,2,0.0001,8,2048,rep95,True,未记录(事件文件均在 gpu3 节点),early-stop,ok,7.662069797515869,1260.0,1560,21590.4609375,13911.068557504506,1.0532474517822266,816351.1875,large_loss_summary.csv,3.8310348987579346,8.317766166719343,4.1588830833596715,-2.4610348987579345
large_kmer6s2_rc_train,2,C3-large-LRsweep,large,954.3,kmer6s2,2,0.0003,8,2048,rep95,True,未记录(事件文件均在 gpu3 节点),early-stop,ok,7.875526428222656,480.0,780,21590.4609375,13946.003590745191,3.3339083194732666,133610704.0,large_loss_summary.csv,3.937763214111328,8.317766166719343,4.1588830833596715,-2.567763214111328
large_kmer6s6_1e-5_rc_train,2,C3-large-LRsweep,large,954.3,kmer6s6,6,1e-05,8,2048,rep95,True,未记录(事件文件均在 gpu3 节点),early-stop,ok,8.233861923217773,1680.0,1980,21590.4609375,13869.889431670215,335.41278076171875,83432.15625,large_loss_summary.csv,1.3723103205362956,8.317766166719343,1.3862943611198906,-0.0023103205362955404
large_kmer6s6_3e-5_rc_train,2,C3-large-LRsweep,large,954.3,kmer6s6,6,3e-05,8,2048,rep95,True,未记录(事件文件均在 gpu3 节点),early-stop,ok,8.240607261657715,780.0,1080,21590.4609375,13915.05462375217,335.7542419433594,781601.1875,large_loss_summary.csv,1.3734345436096191,8.317766166719343,1.3862943611198906,-0.003434543609619034
large_kmer6s6_1e-4_rc_train,2,C3-large-LRsweep,large,954.3,kmer6s6,6,0.0001,8,2048,rep95,True,未记录(事件文件均在 gpu3 节点),early-stop,ok,8.244063377380371,420.0,720,21590.4609375,13953.267417399087,24.329591751098636,120621.1796875,large_loss_summary.csv,1.3740105628967285,8.317766166719343,1.3862943611198906,-0.004010562896728409
large_kmer6s6_rc_train,2,C3-large-LRsweep,large,954.3,kmer6s6,6,0.0003,8,2048,rep95,True,未记录(事件文件均在 gpu3 节点),early-stop,ok,8.233736038208008,420.0,720,21590.4609375,14000.22657063802,1.781643629074097,25996222464.0,large_loss_summary.csv,1.3722893397013347,8.317766166719343,1.3862943611198906,-0.002289339701334603
large_perbase_1e-5_rc_train,2,C3-large-LRsweep,large,943.8,perbase,1,1e-05,8,2048,rep95,True,未记录(事件文件均在 gpu3 节点),early-stop,ok,1.330866813659668,1440.0,1740,21410.58203125,14038.224263368804,134.80419921875,32159.326171875,large_loss_summary.csv,1.330866813659668,1.3862943611198906,1.3862943611198906,0.03913318634033214
large_perbase_3e-5_rc_train,2,C3-large-LRsweep,large,943.8,perbase,1,3e-05,8,2048,rep95,True,未记录(事件文件均在 gpu3 节点),early-stop,ok,1.3302392959594729,960.0,1260,21410.58203125,14028.061646670389,71.15980529785156,31428.513671875,large_loss_summary.csv,1.3302392959594729,1.3862943611198906,1.3862943611198906,0.03976070404052723
large_perbase_1e-4_rc_train,2,C3-large-LRsweep,large,943.8,perbase,1,0.0001,8,2048,rep95,True,未记录(事件文件均在 gpu3 节点),early-stop,ok,1.3309259414672852,900.0,1200,21410.58203125,14084.99456298828,4.752972602844238,29800.041015625,large_loss_summary.csv,1.3309259414672852,1.3862943611198906,1.3862943611198906,0.03907405853271495
large_perbase_rc_train,2,C3-large-LRsweep,large,943.8,perbase,1,0.0003,8,2048,rep95,True,未记录(事件文件均在 gpu3 节点),early-stop,ok,1.3500261306762695,300.0,600,21410.58203125,14156.751293945312,1.603663206100464,29337.90625,large_loss_summary.csv,1.3500261306762695,1.3862943611198906,1.3862943611198906,0.019973869323730575
small_kmer6s6_rc_train,2,C4-rcAB,small,91.25,kmer6s6,6,0.0003,32,2048,rep95,True,未记录(事件文件均在 gpu3 节点),early-stop,ok,8.242166519165039,420.0,582,,,0.9482767581939696,79594.25,small_loss_summary.csv,1.3736944198608398,8.317766166719343,1.3862943611198906,-0.003694419860839737
small_kmer6s6_train,2,C4-rcAB,small,91.25,kmer6s6,6,0.0003,32,2048,rep95,False,未记录(事件文件均在 gpu3 节点),early-stop,ok,8.238892555236816,240.0,468,,,0.2234051674604416,56.43191909790039,small_loss_summary.csv,1.373148759206136,8.317766166719343,1.3862943611198906,-0.003148759206135887
