experiment,tokenizer,learning_rate,best_val_loss,best_val_step,final_val_loss,final_train_loss,final_val_perplexity,final_step,train_points,val_points,checkpoint_count,has_best_checkpoint,event_runs,peak_mem_mb,mean_tokens_per_second,min_grad_norm,max_grad_norm,event,duplicate_event_note
large_kmer3_1e-4_rc_train,kmer3,1e-4,1.4118742942810059,540,2.9270029067993164,3.025996208190918,18.671586990356445,840,140,14,1,True,1,21413.55078125,14008.841158621652,1530.6666259765625,87202.1171875,out_experiments/rep_ani_95/large_kmer3_1e-4_rc_train/3_1/tb_logs/events.out.tfevents.1790103071.gpu3.3090559.0,out_experiments/rep_ani_95/large_kmer3_1e-4_rc_train/3_1/tb_logs/events.out.tfevents.1790103071.gpu3.3090559.0
large_kmer3_1e-5_rc_train,kmer3,1e-5,1.342207431793213,3360,1.3460839986801147,1.3440371751785278,3.8423492908477783,3660,610,61,6,True,1,21413.55078125,14018.352664334656,2269.19384765625,20922.02734375,out_experiments/rep_ani_95/large_kmer3_1e-5_rc_train/3_1/tb_logs/events.out.tfevents.1790230526.gpu3.3115254.0,out_experiments/rep_ani_95/large_kmer3_1e-5_rc_train/3_1/tb_logs/events.out.tfevents.1790230526.gpu3.3115254.0
large_kmer3_3e-5_rc_train,kmer3,3e-5,1.3460808992385864,1620,1.3545790910720825,1.3600927591323853,3.875129461288452,1920,320,32,3,True,1,21413.55078125,13995.13148651123,2367.11865234375,226867.546875,out_experiments/rep_ani_95/large_kmer3_3e-5_rc_train/3_1/tb_logs/events.out.tfevents.1790164942.gpu3.3102886.0,out_experiments/rep_ani_95/large_kmer3_3e-5_rc_train/3_1/tb_logs/events.out.tfevents.1790164942.gpu3.3102886.0
large_kmer3_rc_train,kmer3,0.0003 (baseline),1.5198402404785156,180,4.269672870635986,5.871853828430176,71.49824523925781,480,80,8,0,True,1,21413.55078125,14155.054608154296,195.40757751464844,346521.875,out_experiments/rep_ani_95/large_kmer3_rc_train/3_1/tb_logs/events.out.tfevents.1790072551.gpu3.3084373.0,out_experiments/rep_ani_95/large_kmer3_rc_train/3_1/tb_logs/events.out.tfevents.1790072551.gpu3.3084373.0
large_kmer6_1e-4_rc_train,kmer6,1e-4,7.2666215896606445,840,7.740525722503662,7.843271255493164,2299.68115234375,1140,190,19,1,True,1,21590.4609375,13971.837898334705,3.233152151107788,902193.125,out_experiments/rep_ani_95/large_kmer6_1e-4_rc_train/6_1/tb_logs/events.out.tfevents.1790107421.gpu3.3091450.0,out_experiments/rep_ani_95/large_kmer6_1e-4_rc_train/6_1/tb_logs/events.out.tfevents.1790107421.gpu3.3091450.0
large_kmer6_1e-5_rc_train,kmer6,1e-5,6.767629623413086,4080,6.793376445770264,6.67263126373291,891.9199829101562,4380,730,73,7,True,1,21590.4609375,13899.036212743471,342.2781982421875,1855699.375,out_experiments/rep_ani_95/large_kmer6_1e-5_rc_train/6_1/tb_logs/events.out.tfevents.1790249812.gpu3.3119045.0,out_experiments/rep_ani_95/large_kmer6_1e-5_rc_train/6_1/tb_logs/events.out.tfevents.1790249812.gpu3.3119045.0
large_kmer6_3e-5_rc_train,kmer6,3e-5,7.275368690490723,900,7.352636337280273,7.288649559020996,1560.3045654296875,1200,200,20,1,True,1,21590.4609375,13873.53126220703,342.0050354003906,59939.33984375,out_experiments/rep_ani_95/large_kmer6_3e-5_rc_train/6_1/tb_logs/events.out.tfevents.1790175129.gpu3.3104816.0,out_experiments/rep_ani_95/large_kmer6_3e-5_rc_train/6_1/tb_logs/events.out.tfevents.1790175129.gpu3.3104816.0
large_kmer6_rc_train,kmer6,0.0003 (baseline),7.591817378997803,240,7.993357181549072,8.021185874938965,2961.2216796875,540,90,9,0,True,1,21590.4609375,13992.067925347223,2.4198861122131348,53316612.0,out_experiments/rep_ani_95/large_kmer6_rc_train/6_1/tb_logs/events.out.tfevents.1790074982.gpu3.3085010.0,out_experiments/rep_ani_95/large_kmer6_rc_train/6_1/tb_logs/events.out.tfevents.1790074982.gpu3.3085010.0
large_kmer6s2_1e-4_rc_train,kmer6s2,1e-4,7.662069797515869,1260,8.218774795532227,8.293268203735352,3709.9541015625,1560,260,26,2,True,1,21590.4609375,13911.068557504506,1.0532474517822266,816351.1875,out_experiments/rep_ani_95/large_kmer6s2_1e-4_rc_train/6_2/tb_logs/events.out.tfevents.1790113334.gpu3.3092691.0,out_experiments/rep_ani_95/large_kmer6s2_1e-4_rc_train/6_2/tb_logs/events.out.tfevents.1790113334.gpu3.3092691.0
large_kmer6s2_1e-5_rc_train,kmer6s2,1e-5,8.05760669708252,3000,8.075949668884277,8.124924659729004,3216.18017578125,3300,550,55,5,True,1,21590.4609375,13925.171466619318,330.9083251953125,568340.6875,out_experiments/rep_ani_95/large_kmer6s2_1e-5_rc_train/6_2/tb_logs/events.out.tfevents.1790273309.gpu3.3131560.0,out_experiments/rep_ani_95/large_kmer6s2_1e-5_rc_train/6_2/tb_logs/events.out.tfevents.1790273309.gpu3.3131560.0
large_kmer6s2_3e-5_rc_train,kmer6s2,3e-5,6.826229095458984,2820,7.398494720458984,7.20376443862915,1633.523681640625,3120,520,52,5,True,1,21590.4609375,13863.66685931866,202.40142822265625,9958318.0,out_experiments/rep_ani_95/large_kmer6s2_3e-5_rc_train/6_2/tb_logs/events.out.tfevents.1790181716.gpu3.3106478.0,out_experiments/rep_ani_95/large_kmer6s2_3e-5_rc_train/6_2/tb_logs/events.out.tfevents.1790181716.gpu3.3106478.0
large_kmer6s2_rc_train,kmer6s2,0.0003 (baseline),7.875526428222656,480,8.137126922607422,8.138809204101562,3419.08056640625,780,130,13,1,True,1,21590.4609375,13946.003590745193,3.3339083194732666,133610704.0,out_experiments/rep_ani_95/large_kmer6s2_rc_train/6_2/tb_logs/events.out.tfevents.1790077766.gpu3.3085717.0,out_experiments/rep_ani_95/large_kmer6s2_rc_train/6_2/tb_logs/events.out.tfevents.1790077766.gpu3.3085717.0
large_kmer6s6_1e-4_rc_train,kmer6s6,1e-4,8.244063377380371,420,8.252613067626953,8.259190559387207,3837.640625,720,120,12,1,True,1,21590.4609375,13953.267417399089,24.329591751098633,120621.1796875,out_experiments/rep_ani_95/large_kmer6s6_1e-4_rc_train/6_6/tb_logs/events.out.tfevents.1790121742.gpu3.3094281.0,out_experiments/rep_ani_95/large_kmer6s6_1e-4_rc_train/6_6/tb_logs/events.out.tfevents.1790121742.gpu3.3094281.0
large_kmer6s6_1e-5_rc_train,kmer6s6,1e-5,8.233861923217773,1680,8.240215301513672,8.253486633300781,3790.356201171875,1980,330,33,3,True,1,21590.4609375,13869.889431670217,335.41278076171875,83432.15625,out_experiments/rep_ani_95/large_kmer6s6_1e-5_rc_train/6_6/tb_logs/events.out.tfevents.1790290782.gpu3.3156812.0,out_experiments/rep_ani_95/large_kmer6s6_1e-5_rc_train/6_6/tb_logs/events.out.tfevents.1790290782.gpu3.3156812.0
large_kmer6s6_3e-5_rc_train,kmer6s6,3e-5,8.240607261657715,780,8.24612808227539,8.24945068359375,3812.834228515625,1080,180,18,1,True,1,21590.4609375,13915.05462375217,335.7542419433594,781601.1875,out_experiments/rep_ani_95/large_kmer6s6_3e-5_rc_train/6_6/tb_logs/events.out.tfevents.1790198875.gpu3.3109562.0,out_experiments/rep_ani_95/large_kmer6s6_3e-5_rc_train/6_6/tb_logs/events.out.tfevents.1790198875.gpu3.3109562.0
large_kmer6s6_rc_train,kmer6s6,0.0003 (baseline),8.233736038208008,420,8.254302024841309,8.261184692382812,3844.1279296875,720,120,12,1,True,2,21590.4609375,14000.22657063802,1.7816436290740967,25996222464.0,out_experiments/rep_ani_95/large_kmer6s6_rc_train/6_6/tb_logs/events.out.tfevents.1790081861.gpu3.3086575.0,out_experiments/rep_ani_95/large_kmer6s6_rc_train/6_6/tb_logs/events.out.tfevents.1789999605.gpu3.3070174.0; out_experiments/rep_ani_95/large_kmer6s6_rc_train/6_6/tb_logs/events.out.tfevents.1790081861.gpu3.3086575.0
large_perbase_1e-4_rc_train,perbase,1e-4,1.3309259414672852,900,1.3325693607330322,1.3185631036758423,3.7907707691192627,1200,200,20,1,True,1,21410.58203125,14084.99456298828,4.752972602844238,29800.041015625,out_experiments/rep_ani_95/large_perbase_1e-4_rc_train/1_1/tb_logs/events.out.tfevents.1790096945.gpu3.3089225.0,out_experiments/rep_ani_95/large_perbase_1e-4_rc_train/1_1/tb_logs/events.out.tfevents.1790096945.gpu3.3089225.0
large_perbase_1e-5_rc_train,perbase,1e-5,1.330866813659668,1440,1.3329641819000244,1.3644201755523682,3.7922677993774414,1740,290,29,2,True,1,21410.58203125,14038.224263368804,134.80419921875,32159.326171875,out_experiments/rep_ani_95/large_perbase_1e-5_rc_train/1_1/tb_logs/events.out.tfevents.1790221447.gpu3.3113328.0,out_experiments/rep_ani_95/large_perbase_1e-5_rc_train/1_1/tb_logs/events.out.tfevents.1790221447.gpu3.3113328.0
large_perbase_3e-5_rc_train,perbase,3e-5,1.3302392959594727,960,1.3369872570037842,1.3455897569656372,3.8075549602508545,1260,210,21,2,True,1,21410.58203125,14028.061646670387,71.15980529785156,31428.513671875,out_experiments/rep_ani_95/large_perbase_3e-5_rc_train/1_1/tb_logs/events.out.tfevents.1790158245.gpu3.3101609.0,out_experiments/rep_ani_95/large_perbase_3e-5_rc_train/1_1/tb_logs/events.out.tfevents.1790158245.gpu3.3101609.0
large_perbase_rc_train,perbase,0.0003 (baseline),1.3500261306762695,300,1.3734155893325806,1.3933823108673096,3.948815107345581,600,100,10,0,True,1,21410.58203125,14156.751293945312,1.6036632061004639,29337.90625,out_experiments/rep_ani_95/large_perbase_rc_train/1_1/tb_logs/events.out.tfevents.1790069542.gpu3.3083580.0,out_experiments/rep_ani_95/large_perbase_rc_train/1_1/tb_logs/events.out.tfevents.1790069542.gpu3.3083580.0
