group,run_dir,model,tokenizer,dataset,ctx_len,batch_size,weight_decay,max_lr,gpu_nodes,configured_iters,final_step_reached,best_val_step(early_stop),best_val_loss,final_train_loss,final_val_loss,final_val_ppl,status
small/base,small_kmer3_train/3_1,small,kmer3,refseq_viral (full),2048,32,0.01,0.0003,k106:Tesla V100-SXM2-32GB,6000,120,,,1.4374390840530396,,,FAILED / crashed very early (no val loss logged)
small/base,small_kmer6_train/6_1,small,kmer6,refseq_viral (full),2048,32,0.01,0.0003,"k202:NVIDIA H200 (inferred, same block as k201/k204)",6000,6000,6000,4.378541469573975,4.3434319496154785,4.378541469573975,79.72168731689453,completed full schedule
small/base,small_kmer6s2_train/6_2,small,kmer6s2,refseq_viral (full),2048,32,0.01,0.0003,k172:NVIDIA L40S (46068MiB),6000,4668,1800,5.364752769470215,6.186532497406006,6.301346302032471,545.3055419921875,incomplete: stopped at 4668/6000 (walltime-limited)
small/base,small_kmer6s6_train/6_6,small,kmer6s6,refseq_viral (full),2048,32,0.01,0.0003,k172:NVIDIA L40S (46068MiB),6000,4680,4200,8.166397094726562,8.15633487701416,8.166397094726562,3520.636474609375,incomplete: stopped at 4680/6000 (walltime-limited)
small/base,small_perbase_train/1_1,small,perbase,refseq_viral (full),2048,32,0.01,0.0003,k173:NVIDIA L40S (46068MiB),6000,4800,3000,1.3729156255722046,1.3640841245651245,1.3761513233184814,3.9596328735351562,incomplete: stopped at 4800/6000 (walltime-limited)
small/ctx256_bs64,small_tokenizer_comparison_ctx_256_bs64/1_1,small,perbase,refseq_viral (full),256,64,0.01,0.0003,"k201:NVIDIA H200 (143771MiB);k207:~96GB-class GPU (97887MiB, H100/H200 partition)",6000,4200,1200,1.3486945629119873,1.3787322044372559,1.3840467929840088,3.9910199642181396,incomplete: stopped at 4200/6000 (walltime-limited)
small/ctx256_bs64,small_tokenizer_comparison_ctx_256_bs64/3_1,small,kmer3,refseq_viral (full),256,64,0.01,0.0003,k094:NVIDIA L40S (46068MiB);k201:NVIDIA H200 (143771MiB);k096:NVIDIA L40S (46068MiB),6000,4200,1200,1.3509132862091064,2.3725595474243164,2.3664186000823975,10.659150123596191,incomplete: stopped at 4200/6000 (walltime-limited)
small/ctx256_bs64,small_tokenizer_comparison_ctx_256_bs64/6_1,small,kmer6,refseq_viral (full),256,64,0.01,0.0003,k201:NVIDIA H200 (143771MiB);k096:NVIDIA L40S (46068MiB),6000,6000,4200,5.601901531219482,5.840721607208252,5.900752067565918,365.3120422363281,completed full schedule
small/ctx256_bs64,small_tokenizer_comparison_ctx_256_bs64/6_2,small,kmer6s2,refseq_viral (full),256,64,0.01,0.0003,k201:NVIDIA H200 (143771MiB),6000,5400,2400,6.717704772949219,7.167914867401123,7.193449020385742,1330.6849365234375,incomplete: stopped at 5400/6000 (walltime-limited)
small/ctx256_bs64,small_tokenizer_comparison_ctx_256_bs64/6_6,small,kmer6s6,refseq_viral (full),256,64,0.01,0.0003,k201:NVIDIA H200 (143771MiB);k098:NVIDIA L40S (46068MiB),6000,6000,6000,8.238648414611816,8.227824211120605,8.238648414611816,3784.4228515625,completed full schedule
tiny/base,tiny_kmer3_train/3_1,tiny,kmer3,refseq_viral (full),2048,32,0.01,0.0003,"k171:NVIDIA L40S (inferred, same block as k172/k173)",6000,5400,2400,1.3337574005126953,2.183397054672241,2.1845004558563232,8.886208534240723,incomplete: stopped at 5400/6000 (walltime-limited)
tiny/base,tiny_kmer6_train/6_1,tiny,kmer6,refseq_viral (full),2048,32,0.01,0.0003,k172:NVIDIA L40S (46068MiB),6000,3600,600,1.8721154928207397,6.840249538421631,6.879798889160156,972.4307861328125,incomplete: stopped at 3600/6000 (walltime-limited)
tiny/base,tiny_kmer6s2_train/6_2,tiny,kmer6s2,refseq_viral (full),2048,32,0.01,0.0003,k103:Tesla V100-32GB (32768MiB),6000,3600,600,3.07267689704895,6.11314582824707,6.142975807189941,465.4365539550781,incomplete: stopped at 3600/6000 (walltime-limited)
tiny/base,tiny_kmer6s6_train/6_6,tiny,kmer6s6,refseq_viral (full),2048,32,0.01,0.0003,"k171:NVIDIA L40S (inferred, same block as k172/k173)",6000,3600,600,8.131745338439941,8.159697532653809,8.185626029968262,3588.98974609375,incomplete: stopped at 3600/6000 (walltime-limited)
tiny/base,tiny_perbase_train/1_1,tiny,perbase,refseq_viral (full),2048,32,0.01,0.0003,"k171:NVIDIA L40S (inferred, same block as k172/k173)",6000,5400,2400,1.3322089910507202,1.3625415563583374,1.369955062866211,3.935173749923706,incomplete: stopped at 5400/6000 (walltime-limited)
tiny/rep_ani_95,rep_ani_95/tiny_kmer3_train/3_1,tiny,kmer3,rep_ani_95 (95% ANI dereplicated),2048,32,0.01,0.0003,k204:NVIDIA H200 (143771MiB),6000,5400,2400,1.3289600610733032,1.9780199527740479,1.9758566617965698,7.212795734405518,incomplete: stopped at 5400/6000 (walltime-limited)
tiny/rep_ani_95,rep_ani_95/tiny_kmer6_train/6_1,tiny,kmer6,rep_ani_95 (95% ANI dereplicated),2048,32,0.01,0.0003,k106:Tesla V100-SXM2-32GB,6000,6000,3000,1.4213963747024536,1.4415647983551025,1.4393362998962402,4.2178955078125,completed full schedule
tiny/rep_ani_95,rep_ani_95/tiny_kmer6s2_train/6_2,tiny,kmer6s2,rep_ani_95 (95% ANI dereplicated),2048,32,0.01,0.0003,k204:NVIDIA H200 (143771MiB),6000,4200,1200,3.8390145301818848,7.981184005737305,7.968090057373047,2887.33740234375,incomplete: stopped at 4200/6000 (walltime-limited)
tiny/rep_ani_95,rep_ani_95/tiny_kmer6s6_train/6_6,tiny,kmer6s6,rep_ani_95 (95% ANI dereplicated),2048,32,0.01,0.0003,k204:NVIDIA H200 (143771MiB),6000,6000,5400,8.115066528320312,8.15573501586914,8.116434097290039,3349.05712890625,completed full schedule
tiny/rep_ani_95,rep_ani_95/tiny_perbase_train/1_1,tiny,perbase,rep_ani_95 (95% ANI dereplicated),2048,32,0.01,0.0003,k204:NVIDIA H200 (143771MiB),6000,5400,2400,1.3220322132110596,1.3334037065505981,1.330155372619629,3.7816309928894043,incomplete: stopped at 5400/6000 (walltime-limited)
